{
    "name": "root",
    "metadata": {
        "timer_format_version": "0.1.0",
        "start_time_seconds": "1716718217",
        "python_version": "3.9.13 (tags/v3.9.13:6de2ca5, May 17 2022, 16:36:42) [MSC v.1929 64 bit (AMD64)]",
        "command_line_arguments": "D:\\Unity projects\\ML Flappy Bird\\venv\\Scripts\\mlagents-learn --run-id=test55",
        "mlagents_version": "0.30.0",
        "mlagents_envs_version": "0.30.0",
        "communication_protocol_version": "1.5.0",
        "pytorch_version": "2.3.0+cpu",
        "numpy_version": "1.21.2",
        "end_time_seconds": "1716718283"
    },
    "total": 66.5714143,
    "count": 1,
    "self": 10.008622299999999,
    "children": {
        "run_training.setup": {
            "total": 0.07352530000000002,
            "count": 1,
            "self": 0.07352530000000002
        },
        "TrainerController.start_learning": {
            "total": 56.4892667,
            "count": 1,
            "self": 0.08089409999993791,
            "children": {
                "TrainerController._reset_env": {
                    "total": 13.4036573,
                    "count": 1,
                    "self": 13.4036573
                },
                "TrainerController.advance": {
                    "total": 42.81469470000007,
                    "count": 2585,
                    "self": 0.07779090000028788,
                    "children": {
                        "env_step": {
                            "total": 42.09936829999993,
                            "count": 2585,
                            "self": 37.906653400000266,
                            "children": {
                                "SubprocessEnvManager._take_step": {
                                    "total": 4.141647299999892,
                                    "count": 2585,
                                    "self": 0.20205909999989302,
                                    "children": {
                                        "TorchPolicy.evaluate": {
                                            "total": 3.9395881999999993,
                                            "count": 2481,
                                            "self": 3.9395881999999993
                                        }
                                    }
                                },
                                "workers": {
                                    "total": 0.05106759999977584,
                                    "count": 2584,
                                    "self": 0.0,
                                    "children": {
                                        "worker_root": {
                                            "total": 41.32909480000016,
                                            "count": 2584,
                                            "is_parallel": true,
                                            "self": 11.325019100000258,
                                            "children": {
                                                "steps_from_proto": {
                                                    "total": 0.0007969000000009885,
                                                    "count": 1,
                                                    "is_parallel": true,
                                                    "self": 0.0003778000000025372,
                                                    "children": {
                                                        "_process_rank_one_or_two_observation": {
                                                            "total": 0.00041909999999845127,
                                                            "count": 4,
                                                            "is_parallel": true,
                                                            "self": 0.00041909999999845127
                                                        }
                                                    }
                                                },
                                                "UnityEnvironment.step": {
                                                    "total": 30.003278799999904,
                                                    "count": 2584,
                                                    "is_parallel": true,
                                                    "self": 0.3898954999999269,
                                                    "children": {
                                                        "UnityEnvironment._generate_step_input": {
                                                            "total": 0.2827917000000131,
                                                            "count": 2584,
                                                            "is_parallel": true,
                                                            "self": 0.2827917000000131
                                                        },
                                                        "communicator.exchange": {
                                                            "total": 27.885039399999926,
                                                            "count": 2584,
                                                            "is_parallel": true,
                                                            "self": 27.885039399999926
                                                        },
                                                        "steps_from_proto": {
                                                            "total": 1.4455522000000407,
                                                            "count": 2584,
                                                            "is_parallel": true,
                                                            "self": 0.7220110999998877,
                                                            "children": {
                                                                "_process_rank_one_or_two_observation": {
                                                                    "total": 0.723541100000153,
                                                                    "count": 10336,
                                                                    "is_parallel": true,
                                                                    "self": 0.723541100000153
                                                                }
                                                            }
                                                        }
                                                    }
                                                }
                                            }
                                        }
                                    }
                                }
                            }
                        },
                        "trainer_advance": {
                            "total": 0.6375354999998493,
                            "count": 2584,
                            "self": 0.08805319999999384,
                            "children": {
                                "process_trajectory": {
                                    "total": 0.5494822999998554,
                                    "count": 2584,
                                    "self": 0.5494822999998554
                                }
                            }
                        }
                    }
                },
                "trainer_threads": {
                    "total": 1.7999999997186933e-06,
                    "count": 1,
                    "self": 1.7999999997186933e-06
                },
                "TrainerController._save_models": {
                    "total": 0.19001879999999716,
                    "count": 1,
                    "self": 0.02917099999999806,