{
    "name": "root",
    "metadata": {
        "timer_format_version": "0.1.0",
        "start_time_seconds": "1716661246",
        "python_version": "3.9.13 (tags/v3.9.13:6de2ca5, May 17 2022, 16:36:42) [MSC v.1929 64 bit (AMD64)]",
        "command_line_arguments": "D:\\Unity projects\\ML Flappy Bird\\venv\\Scripts\\mlagents-learn --run-id=test2",
        "mlagents_version": "0.30.0",
        "mlagents_envs_version": "0.30.0",
        "communication_protocol_version": "1.5.0",
        "pytorch_version": "2.3.0+cpu",
        "numpy_version": "1.21.2",
        "end_time_seconds": "1716661340"
    },
    "total": 94.1877547,
    "count": 1,
    "self": 0.010003699999998616,
    "children": {
        "run_training.setup": {
            "total": 0.1485430000000001,
            "count": 1,
            "self": 0.1485430000000001
        },
        "TrainerController.start_learning": {
            "total": 94.029208,
            "count": 1,
            "self": 0.0002464999999887141,
            "children": {
                "TrainerController._reset_env": {
                    "total": 17.6895059,
                    "count": 1,
                    "self": 17.6895059
                },
                "TrainerController.advance": {
                    "total": 75.9195596,
                    "count": 1,
                    "self": 2.940000000251075e-05,
                    "children": {
                        "env_step": {
                            "total": 75.9195302,
                            "count": 1,
                            "self": 75.9195203,
                            "children": {
                                "SubprocessEnvManager._take_step": {
                                    "total": 9.899999998452813e-06,
                                    "count": 1,
                                    "self": 9.899999998452813e-06
                                }
                            }
                        }
                    }
                },
                "TrainerController._save_models": {
                    "total": 0.4198960000000085,
                    "count": 1,
                    "self": 6.270000000085929e-05,
                    "children": {
                        "RLTrainer._checkpoint": {
                            "total": 0.4198333000000076,
                            "count": 1,
                            "self": 0.4198333000000076
                        }
                    }
                }
            }
        }
    }
}