{
    "name": "root",
    "metadata": {
        "timer_format_version": "0.1.0",
        "start_time_seconds": "1716661815",
        "python_version": "3.9.13 (tags/v3.9.13:6de2ca5, May 17 2022, 16:36:42) [MSC v.1929 64 bit (AMD64)]",
        "command_line_arguments": "D:\\Unity projects\\ML Flappy Bird\\venv\\Scripts\\mlagents-learn --run-id=test3",
        "mlagents_version": "0.30.0",
        "mlagents_envs_version": "0.30.0",
        "communication_protocol_version": "1.5.0",
        "pytorch_version": "2.3.0+cpu",
        "numpy_version": "1.21.2",
        "end_time_seconds": "1716661976"
    },
    "total": 160.5439563,
    "count": 1,
    "self": 0.014925599999969563,
    "children": {
        "run_training.setup": {
            "total": 0.08506319999999956,
            "count": 1,
            "self": 0.08506319999999956
        },
        "TrainerController.start_learning": {
            "total": 160.4439675,
            "count": 1,
            "self": 0.0003274000000317301,
            "children": {
                "TrainerController._reset_env": {
                    "total": 15.0777836,
                    "count": 1,
                    "self": 15.0777836
                },
                "TrainerController.advance": {
                    "total": 145.1517482,
                    "count": 1,
                    "self": 2.7599999981475776e-05,
                    "children": {
                        "env_step": {
                            "total": 145.1517206,
                            "count": 1,
                            "self": 145.151711,
                            "children": {
                                "SubprocessEnvManager._take_step": {
                                    "total": 9.600000002052411e-06,
                                    "count": 1,
                                    "self": 9.600000002052411e-06
                                }
                            }
                        }
                    }
                },
                "TrainerController._save_models": {
                    "total": 0.21410829999999237,
                    "count": 1,
                    "self": 0.017701499999986936,
                    "children": {
                        "RLTrainer._checkpoint": {
                            "total": 0.19640680000000543,
                            "count": 1,
                            "self": 0.19640680000000543
                        }
                    }
                }
            }
        }
    }
}